"strategy","run","attempt","valid","failed","rps","avg_ms","p95_ms","success","sold_out","db_issued"
"nolock","1","1","True","0","266.2","627.9","1006","300","0","300"
"nolock","2","1","False","85","356.1","309.5","725.3","215","0","215"
"nolock","2","2","True","0","307.2","531.1","866.5","300","0","300"
"nolock","3","1","True","0","350.5","437.3","694.6","300","0","300"
"forupdate","1","1","False","3","175.4","861.1","1550","50","247","50"
"forupdate","1","2","True","0","166.8","1010.8","1652.9","50","250","50"
"forupdate","2","1","True","0","197.1","841.1","1398.5","50","250","50"
"forupdate","3","1","True","0","187.7","880.1","1465.2","50","250","50"
"optimistic","1","1","True","0","322.2","676.7","859.6","50","250","50"
"optimistic","2","1","False","85","365.9","432.8","749","50","165","50"
"optimistic","2","2","True","0","380.8","601.6","720.8","50","250","50"
"optimistic","3","1","False","84","327.4","502.4","849","50","166","50"
"optimistic","3","2","True","0","330.8","706.5","831.2","50","250","50"
"redis","1","1","True","0","560.2","153.2","288.4","50","250","50"
"redis","2","1","True","0","873","114.2","166.4","50","250","50"
"redis","3","1","True","0","926.2","123.3","177.7","50","250","50"
